{"MeataData": {"BordID": 535035904, "Date": "2020-03-10 16:10:39", "ScopeParams": {"IP": "192.168.0.72", "Vendor": "RIGOL TECHNOLOGIES", "Type": "MSO5072", "SN": "MS5A212302365", "FWVersion": "00.01.01.04.04"}, "FGenParams": {"IP": "192.168.0.62", "Vendor": "Rigol Technologies", "Type": "DG4162", "SN": "DG4E210900156", "FWVersion": "00.01.14"}}, "FitResults": {"ADC1": {"100.0": [{"Freq": 100.0, "Amplitude": 1.0070352310173298, "Phase": -0.0001671375987899062, "TestAmplVPP.": 19.5}], "130.0": [{"Freq": 130.0, "Amplitude": 1.0069890753655277, "Phase": -0.0002443638773573643, "TestAmplVPP.": 19.5}], "160.0": [{"Freq": 160.0, "Amplitude": 1.0069843773923164, "Phase": -0.0003410261812183769, "TestAmplVPP.": 19.5}], "200.0": [{"Freq": 200.0, "Amplitude": 1.0070166554086977, "Phase": -0.0003732895261219766, "TestAmplVPP.": 19.5}], "250.0": [{"Freq": 250.0, "Amplitude": 1.007011734085322, "Phase": -0.0004488024144815169, "TestAmplVPP.": 19.5}], "320.0": [{"Freq": 320.0, "Amplitude": 1.006977418916088, "Phase": -0.0006197296722105593, "TestAmplVPP.": 19.5}], "400.0": [{"Freq": 400.0, "Amplitude": 1.0069795206378451, "Phase": -0.0008254739158885813, "TestAmplVPP.": 19.5}], "500.0": [{"Freq": 500.0, "Amplitude": 1.0069795306893974, "Phase": -0.0008878099420947465, "TestAmplVPP.": 19.5}], "630.0": [{"Freq": 630.0, "Amplitude": 1.0069723817329643, "Phase": -0.001104651097614716, "TestAmplVPP.": 19.5}], "790.0": [{"Freq": 790.0, "Amplitude": 1.0068742726903401, "Phase": -0.0016725460102153245, "TestAmplVPP.": 19.5}], "1000.0": [{"Freq": 1000.0, "Amplitude": 1.0068639732910951, "Phase": -0.0018920073776066129, "TestAmplVPP.": 19.5}], "1300.0": [{"Freq": 1300.0, "Amplitude": 1.0067434579448327, "Phase": -0.002377773591992508, "TestAmplVPP.": 19.5}], "1600.0": [{"Freq": 1600.0, "Amplitude": 1.0066207918676504, "Phase": -0.002901931499020654, "TestAmplVPP.": 19.5}], "2000.0": [{"Freq": 2000.0, "Amplitude": 1.0075125963620175, "Phase": -0.004427359226217577, "TestAmplVPP.": 19.5}], "2500.0": [{"Freq": 2500.0, "Amplitude": 1.0072079082380851, "Phase": -0.004874904103231317, "TestAmplVPP.": 19.5}], "3200.0": [{"Freq": 3200.0, "Amplitude": 1.0068534414816341, "Phase": -0.006415374951693265, "TestAmplVPP.": 19.5}], "4000.0": [{"Freq": 4000.0, "Amplitude": 1.0076362421623821, "Phase": -0.009078292758799351, "TestAmplVPP.": 19.5}], "5000.0": [{"Freq": 5000.0, "Amplitude": 1.007117408469431, "Phase": -0.01073641296825311, "TestAmplVPP.": 19.5}], "6300.0": [{"Freq": 6300.0, "Amplitude": 1.0065142978050416, "Phase": -0.014151356952190951, "TestAmplVPP.": 19.5}], "7900.0": [{"Freq": 7900.0, "Amplitude": 1.0071139791749029, "Phase": -0.017207418744389958, "TestAmplVPP.": 19.5}], "10000.0": [{"Freq": 10000.0, "Amplitude": 1.0076190890508319, "Phase": -0.0263735874507665, "TestAmplVPP.": 19.5}]}}}